1,Aceite comestible mezcla,aceites,900,0.0,100.0,0.0
2,Aceite de canola,aceites,900,0.0,100.0,0.0
3,Aceite de chía,aceites,892,0.0,99.1,0.0
4,Aceite de coco,aceites,900,0.0,100.0,0.0
5,Aceite de girasol,aceites,900,0.0,100.0,0.0
6,Aceite de girasol alto oleico,aceites,900,0.0,100.0,0.0
7,Aceite de maíz,aceites,900,0.0,100.0,0.0
8,Aceite de oliva,aceites,900,0.0,100.0,0.0
9,Aceite de sésamo,aceites,900,0.0,100.0,0.0
10,Aceite de soja,aceites,900,0.0,100.0,0.0
11,Aceite de uva,aceites,900,0.0,100.0,0.0
12,Aceite mezcla con oliva,aceites,900,0.0,100.0,0.0
13,Rocío vegetal,aceites,900,0.0,100.0,0.0
14,Alimento a base de almendras (le che de almendras),frutas secas y semillas,36,0.4,1.0,6.2
15,Almendra,frutas secas y semillas,570,21.2,49.9,9.1
16,Avellana,frutas secas y semillas,631,12.7,60.9,8.0
17,Maní tostado salado,frutas secas y semillas,596,24.4,49.7,12.9
18,Maní tostado sin sal,frutas secas y semillas,596,24.4,49.7,12.9
19,Mantequilla de maní,frutas secas y semillas,607,21.9,49.5,18.3
20,"Mix de frutos secos, semillas y pasas de uva",frutas secas y semillas,515,14.1,36.1,33.5
21,Nuez,frutas secas y semillas,690,13.9,67.4,7.0
22,Pistacho salado,frutas secas y semillas,566,21.1,45.8,17.3
23,Semilla de amapola,frutas secas y semillas,481,18.0,41.6,8.6
24,Semilla de chía,frutas secas y semillas,374,16.5,30.7,7.7
25,Semilla de girasol,frutas secas y semillas,592,20.8,51.5,11.4
26,Semilla de girasol con sal y con cáscara,frutas secas y semillas,586,19.3,49.8,15.1
27,Semilla de lino,frutas secas y semillas,459,18.3,42.2,1.6
28,Semilla de sésamo,frutas secas y semillas,565,17.7,49.7,11.7
29,Semilla de zapallo,frutas secas y semillas,581,30.2,49.1,4.7
30,Azúcar blanca molida,azúcares mermeladas y dulces,400,0.0,0.0,100.0
31,Azúcar impalpable,azúcares mermeladas y dulces,399,0.0,0.0,99.8
32,Azúcar morena / azúcar mascabo,azúcares mermeladas y dulces,393,0.1,0.0,98.1
33,Dulce de batata,azúcares mermeladas y dulces,255,0.9,0.1,62.5
34,Dulce de batata light,azúcares mermeladas y dulces,164,0.9,0.0,40.0
35,Dulce de leche,azúcares mermeladas y dulces,315,6.5,6.6,57.4
36,Dulce de leche light,azúcares mermeladas y dulces,287,5.5,0.5,65.0
37,Dulce de membrillo,azúcares mermeladas y dulces,269,0.4,0.1,66.7
38,Dulce de membrillo light,azúcares mermeladas y dulces,160,0.0,0.0,40.0
39,Glucosa,azúcares mermeladas y dulces,339,0.0,0.0,84.7
40,Jalea tipo membrillo,azúcares mermeladas y dulces,277,0.2,0.0,69.0
41,Kero o melaza,azúcares mermeladas y dulces,300,0.0,0.1,74.7
42,Mermelada de frutas,azúcares mermeladas y dulces,273,0.4,0.1,67.8
43,Mermelada de frutas light,azúcares mermeladas y dulces,145,0.0,0.1,36.1
44,Miel,azúcares mermeladas y dulces,330,0.3,0.0,82.2
45,Alfajor de arroz,golosinas y chocolates,486,6.8,26.8,54.5
46,Alfajor de chocolate,golosinas y chocolates,411,6.3,14.1,64.6
47,Alfajor de chocolate con relleno tipo mousse,golosinas y chocolates,540,7.4,31.0,57.8
48,Alfajor de dulce de leche,golosinas y chocolates,381,6.6,8.9,68.5
49,Alfajor de fruta,golosinas y chocolates,387,2.2,8.9,74.5
50,Alfajor de maicena,golosinas y chocolates,405,6.3,13.4,64.9
51,Alfajor de miel,golosinas y chocolates,303,7.6,3.2,60.9
52,Alfajor light,golosinas y chocolates,300,6.7,10.0,45.7
53,Bananita con cobertura de cho colate,golosinas y chocolates,379,2.9,10.0,69.3
54,Baño de repostería para cubrir tortas,golosinas y chocolates,564,7.8,37.0,50.0
55,Barra de arroz rellena bañada,golosinas y chocolates,501,10.0,24.5,60.0
56,Barra de chocolate tipo Kinder,golosinas y chocolates,552,9.6,34.0,52.0
57,Bocadito con dulce de leche tipo Cabsha,golosinas y chocolates,427,5.3,13.1,72.2
58,Bombón tipo Bon O Bon,golosinas y chocolates,556,10.0,36.0,48.0
59,Bombones de fruta,golosinas y chocolates,327,0.3,0.1,81.1
60,Cacao amargo*,golosinas y chocolates,285,19.6,13.7,20.9
61,Cacao en polvo sin fortificar*,golosinas y chocolates,383,6.7,4.0,80.0
62,Cacao en polvo tipo Nesquick*,golosinas y chocolates,336,5.4,0.0,78.6
63,Caramelos duros,golosinas y chocolates,394,0.0,0.2,98.0
64,Caramelos duros light,golosinas y chocolates,236,0.0,0.0,98.6
65,Caramelos masticables,golosinas y chocolates,398,0.9,6.0,85.1
66,Caramelos rellenos,golosinas y chocolates,394,0.0,0.2,98.0
67,Chicles,golosinas y chocolates,380,0.0,0.3,94.3
68,Chicles sin azúcar,golosinas y chocolates,256,0.0,0.4,63.0
69,Chocolate 60% cacao o más,golosinas y chocolates,547,6.1,38.3,44.4
70,Chocolate amargo,golosinas y chocolates,575,14.3,52.3,11.8
71,Chocolate blanco,golosinas y chocolates,548,5.9,32.1,59.0
72,Chocolate con almendras,golosinas y chocolates,534,9.0,34.4,47.2
73,Chocolate con maní,golosinas y chocolates,542,10.2,33.2,50.5
74,Chocolate light,golosinas y chocolates,566,10.0,35.9,50.6
75,Chocolate para taza,golosinas y chocolates,519,4.2,30.0,58.0
76,Chocolatín / chocolate con leche,golosinas y chocolates,522,7.7,29.7,56.0
77,Chupetín,golosinas y chocolates,394,0.0,0.2,98.0
78,Conito de dulce de leche enva sado,golosinas y chocolates,413,5.4,17.1,59.5
79,Cubanito relleno,golosinas y chocolates,506,5.6,22.2,71.0
80,Garrapiñada de maní,golosinas y chocolates,539,15.5,33.7,43.3
81,Gomitas de gelatina,golosinas y chocolates,374,0.0,0.1,93.4
82,Huevo de chocolate tipo Kinder,golosinas y chocolates,538,8.0,34.0,50.0
83,Lentejas de chocolate,golosinas y chocolates,485,5.2,20.0,71.0
84,Maní con chocolate,golosinas y chocolates,534,13.1,33.5,45.0
85,Medallón de menta y chocolate,golosinas y chocolates,545,5.0,24.0,77.1
86,Merengues / merenguitos,golosinas y chocolates,347,5.8,0.1,80.8
87,Minitorta bañada,golosinas y chocolates,403,7.6,17.0,55.0
88,Oblea bañada tipo Kit Kat,golosinas y chocolates,514,6.5,26.0,63.6
89,Obleas bañadas tipo Nugaton,golosinas y chocolates,514,6.5,26.0,63.6
90,Pasas de uva con chocolate,golosinas y chocolates,411,4.1,14.8,65.3
91,Pastillas,golosinas y chocolates,336,0.0,0.0,84.0
92,Pastillas sin azúcar,golosinas y chocolates,380,0.0,0.0,95.0
93,"Postre a base de pasta de maní, tipo Mantecol",golosinas y chocolates,526,13.5,32.0,46.0
94,Rhodesia,golosinas y chocolates,519,4.0,29.3,59.9
95,Tableta de dulce de leche,golosinas y chocolates,339,6.0,6.0,65.2
96,Tableta de dulce de leche light,golosinas y chocolates,316,5.9,0.0,73.2
97,Tita,golosinas y chocolates,506,5.7,24.0,66.7
98,"Crema chantilly (lista para con sumir, aerosol o industrial prepa rada)",grasas,263,3.2,22.2,12.5
99,Crema de leche,grasas,347,2.8,36.1,2.8
100,Crema light,grasas,299,2.2,30.9,3.0
101,Grasa de cerdo,grasas,898,0.0,99.8,0.0
102,Grasa de pollo,grasas,626,3.7,68.0,0.0
103,Grasa vacuna,grasas,899,0.0,99.9,0.0
104,Manteca,grasas,758,0.5,84.0,0.1
105,Manteca light,grasas,509,3.3,55.1,0.0
106,Margarina (en pote y en pan),grasas,559,0.2,61.7,0.7
107,Margarina untable light,grasas,472,0.2,52.0,0.9
108,Chicharrón,snacks salados,458,33.9,35.1,1.7
109,Maní japonés,snacks salados,523,18.8,30.0,44.5
110,Nachos,snacks salados,499,7.4,27.4,55.7
111,Palitos aireados de harina de maíz o de colores,snacks salados,552,5.8,35.8,51.9
112,Palitos salados,snacks salados,528,7.2,32.4,52.0
113,Papas fritas de copetín,snacks salados,534,6.4,34.0,50.7
114,Snacks saborizados salados a base de maíz,snacks salados,548,7.1,30.0,62.4
115,"Snacks saborizados salados a base de sémola de arroz, hornea dos, tipo Palitos de arroz / aros de cebolla",snacks salados,461,8.0,22.8,56.0
116,Aceto balsámico,aderezos,70,0.5,0.0,17.0
117,Aderezo Caesar o Ranch,aderezos,380,2.2,40.0,2.8
118,Aderezo para ensaladas light,aderezos,18,0.0,0.0,4.6
119,"Jugo de limón, envasado",aderezos,22,0.5,0.1,4.9
120,Ketchup,aderezos,113,1.0,0.1,27.1
121,Mayonesa,aderezos,391,0.6,40.0,7.1
122,Mayonesa de soja,aderezos,212,0.6,19.2,9.2
123,Mayonesa light,aderezos,270,0.9,19.0,10.0
124,Mostaza,aderezos,52,3.7,3.3,1.8
125,"Salsa a base de tomate en tetra brick o sachet, lista para consumir (ej: pomarola, napolitana, con o sin verdeo, etc.)",aderezos,42,1.0,1.3,6.6
126,Salsa agridulce,aderezos,154,0.3,0.0,38.1
127,Salsa barbacoa,aderezos,168,0.8,0.6,39.9
128,Salsa blanca en polvo envasada,aderezos,347,8.2,8.7,59.0
129,Salsa chimichurri envasada,aderezos,23,0.0,0.0,5.8
130,Salsa de soja,aderezos,62,7.0,0.5,7.3
131,"Salsa deshidratada varios sabores, polvo",aderezos,349,9.5,11.9,51.0
132,Salsa Golf,aderezos,320,0.9,29.4,12.8
133,Vinagre,aderezos,1,0.0,0.0,0.3
134,Caldos en cubo,caldos y sopas industriales,269,4.4,20.6,16.5
135,Caldos en polvo,caldos y sopas industriales,107,4.1,1.4,19.4
136,Caldos en polvo light,caldos y sopas industriales,171,18.0,3.0,18.0
137,Caldos en polvo sin sal light,caldos y sopas industriales,345,9.0,1.4,74.0
138,Saborizador en cubos,caldos y sopas industriales,366,6.0,26.0,27.0
139,Saborizador en polvo,caldos y sopas industriales,160,0.0,0.0,40.0
140,Sopa crema instantánea prepa rada,caldos y sopas industriales,19,0.2,0.3,3.9
141,"Sopa crema instantánea, polvo para preparar (sabores varios)",caldos y sopas industriales,350,4.4,5.9,69.7
142,"Sopa crema instantánea, polvo para preparar light (sabores va rios)",caldos y sopas industriales,307,6.1,4.3,60.9
143,Sopa crema preparada a partir de polvo premezcla light,caldos y sopas industriales,23,0.7,0.2,4.6
144,Sopa crema preparada a partir de polvo premezcla sin sal light,caldos y sopas industriales,23,0.7,0.2,4.6
145,Sopa de fideos deshidratada en vasada para preparar,caldos y sopas industriales,450,10.9,18.7,59.4
146,"Sopa de vegetales instantánea, polvo para preparar",caldos y sopas industriales,351,3.6,6.7,69.0
147,Arroz con leche envasado listo para consumir,postres industriales y helados,126,3.1,2.8,22.2
148,Bombón helado,postres industriales y helados,328,4.1,24.1,23.7
149,Gelatina envasada lista para con sumir,postres industriales y helados,87,1.7,0.0,20.0
150,"Gelatina light, preparada a partir de polvo",postres industriales y helados,8,1.5,0.0,0.5
151,Gelatina preparada a partir de polvo,postres industriales y helados,14,1.5,0.0,1.9
152,Helado de agua (heladería),postres industriales y helados,112,0.2,0.1,27.5
153,Helado de agua (palito),postres industriales y helados,82,0.0,0.0,20.6
154,Helado de crema (heladería),postres industriales y helados,213,3.7,11.0,25.0
155,Helado de crema envasado,postres industriales y helados,178,1.4,6.3,28.9
156,"Helado envasado con cucurucho, PROMEDIO",postres industriales y helados,262,3.2,12.8,33.5
157,Polvo para preparar helado,postres industriales y helados,418,1.7,13.0,73.6
158,Polvo para preparar postre lácteo,postres industriales y helados,369,0.3,0.0,91.9
159,"Polvo para preparar postre lácteo, light",postres industriales y helados,343,0.0,0.0,85.7
160,Sal,sales,0,0.0,0.0,0.0
161,"Sal dietética o modificada, PRO MEDIO",sales,0,0.0,0.0,0.0
162,"Sal dietética, sin sodio",sales,0,0.0,0.0,0.0
163,Sal Marina,sales,0,0.0,0.0,0.0
164,"Sal modificada, 33% Cloruro de sodio",sales,0,0.0,0.0,0.0
165,"Sal modificada, 66% Cloruro de sodio",sales,0,0.0,0.0,0.0
166,"Sal dietética o modificada, PROME DIO",sales,100,26150.0,0.0,0.0
167,"Sal dietética, sin sodio",sales,100,52300.0,0.0,0.0
168,Sal Marina,sales,100,0.0,0.0,0.0
169,"Sal modificada, 33% Cloruro de sodio",sales,"100,0",34500.0,0.0,0.0
170,"Sal modificada, 66% Cloruro de sodio",sales,"100,0",17260.0,0.0,0.0
171,"Acelga, cruda",verduras,18,1.8,0.2,2.1
172,"Acelga, hervida",verduras,16,1.9,0.1,2.0
173,"Acelga, pencas, crudas",verduras,8,1.2,0.1,0.6
174,"Acelga, pencas, hervidas",verduras,8,1.2,0.1,0.6
175,"Achicoria, cruda",verduras,12,1.6,0.3,0.7
176,"Achicoria, hervida",verduras,12,1.6,0.3,0.7
177,Ají en conserva,verduras,20,1.1,0.3,3.2
178,"Ají rojo / morrón rojo, crudo",verduras,22,1.0,0.3,3.9
179,"Ají rojo / morrón rojo, rehogado",verduras,22,1.0,0.3,3.9
180,"Ají verde o amarillo / morrón verde o amarillo, crudo",verduras,17,0.9,0.2,2.9
181,"Ají verde o amarillo / morrón verde o amarillo, rehogado",verduras,17,0.9,0.2,2.9
182,"Ajo, crudo",verduras,91,4.4,0.2,17.9
183,"Albahaca, cruda",verduras,23,3.2,0.6,1.1
184,"Alcaparras, encurtido",verduras,24,2.4,0.9,1.7
185,"Alcaucil, crudo",verduras,41,2.9,0.4,6.5
186,"Alcaucil, hervido",verduras,40,2.9,0.3,6.3
187,"Apio, crudo",verduras,10,0.7,0.2,1.4
188,"Apio, hervido",verduras,14,0.8,0.2,2.4
189,"Arveja, enlatada",verduras,104,6.0,0.8,18.3
190,"Arveja, fresca, cruda",verduras,83,8.9,0.4,10.9
191,"Arveja, fresca, hervida",verduras,64,5.4,0.2,10.1
192,"Berenjena, cruda",verduras,16,1.1,0.2,2.5
193,"Berenjena, hervida",verduras,30,0.8,0.2,6.2
194,"Berro, crudo",verduras,18,1.7,0.3,2.2
195,"Brócoli, crudo",verduras,27,3.3,0.2,2.9
196,"Brócoli, hervido",verduras,29,2.4,0.4,3.9
197,"Brotes de soja, crudo",verduras,30,3.0,0.2,4.1
198,"Brotes de soja, rehogado",verduras,54,4.3,0.2,8.7
199,"Cebolla de verdeo, cruda",verduras,28,1.8,0.2,4.7
200,"Cebolla de verdeo, rehogada",verduras,29,1.9,0.2,4.9
201,"Cebolla, cruda",verduras,36,1.1,0.1,7.6
202,"Cebolla, rehogada",verduras,36,1.1,0.1,7.6
203,"Champignones, enlatados",verduras,21,1.9,0.3,2.7
204,"Champignones, frescos, crudos",verduras,24,3.1,0.3,2.3
205,"Chaucha, fresca, cruda",verduras,29,2.4,0.2,4.3
206,"Chaucha, fresca, hervida",verduras,29,1.9,0.3,4.7
207,"Chuchu o chayote, crudo",verduras,16,0.8,0.1,2.8
208,"Coliflor, crudo",verduras,23,2.4,0.2,2.9
209,"Coliflor, hervido",verduras,19,1.8,0.5,1.8
210,"Escarola, cruda",verduras,12,1.6,0.2,0.9
211,"Espárrago, crudo",verduras,18,2.2,0.2,1.8
212,"Espárrago, hervido",verduras,20,2.4,0.2,2.1
213,"Espinaca, cruda",verduras,21,2.86,0.39,1.43
214,"Espinaca, hervida",verduras,20,2.97,0.26,1.35
215,"Habas, cruda",verduras,95,6.7,0.8,15.3
216,"Habas, hervida",verduras,95,6.7,0.8,15.3
217,"Hakusai o col china, crudo",verduras,13,1.5,0.2,1.2
218,"Hinojo, crudo",verduras,24,1.2,0.2,4.2
219,"Hinojo, hervido",verduras,24,1.2,0.2,4.2
220,"Hongos, enlatados",verduras,21,1.9,0.3,2.7
221,"Hongos, frescos, crudos",verduras,24,3.1,0.3,2.3
222,"Hongos, frescos, rehogados",verduras,25,3.6,0.33,2.24
223,"Hongos, secos",verduras,303,9.6,1.0,63.9
224,"Jardinera, enlatada",verduras,67,3.7,0.2,12.5
225,Jengibre,verduras,77,1.8,0.8,15.8
226,"Kale, crudo",verduras,26,2.9,1.5,0.3
227,"Lechuga, cruda",verduras,12,1.2,0.2,1.4
228,"Mandioca, cruda",verduras,153,1.4,0.3,36.3
229,"Mandioca, hervida",verduras,153,1.4,0.3,36.3
230,Medallones de verdura congela dos industrializados,verduras,222,10.0,4.7,35.0
231,"Palmitos, enlatados",verduras,25,2.5,0.6,2.2
232,"Pepino, crudo",verduras,12,0.7,0.1,2.0
233,"Perejil, crudo",verduras,47,3.7,1.0,5.7
234,"Pickles, en vinagre",verduras,7,0.3,0.2,1.1
235,"Prefritos congelados, patitas de vegetales (espinaca)",verduras,225,5.4,12.1,23.7
236,"Puerro, crudo",verduras,38,2.5,0.4,6.1
237,"Puerro, hervido",verduras,32,0.81,0.2,6.62
238,"Rabanito, crudo",verduras,23,1.3,0.1,4.2
239,"Radicheta, cruda",verduras,14,2.2,0.3,0.7
240,"Remolacha, cruda",verduras,44,2.4,0.2,8.3
241,"Remolacha, hervida",verduras,40,1.68,0.18,7.96
242,"Repollito de Bruselas, crudos",verduras,43,4.4,0.5,5.1
243,"Repollito de Bruselas, hervidos",verduras,33,2.6,0.5,4.5
244,"Repollo, crudo",verduras,19,1.3,0.1,3.3
245,"Repollo, hervido",verduras,20,1.3,0.1,3.6
246,"Rúcula, cruda",verduras,24,2.6,0.7,2.1
247,"Tomate, crudo",verduras,17,1.0,0.2,2.9
248,"Tomate, desecado",verduras,257,14.1,3.0,43.5
249,"Tomate, enlatado",verduras,12,0.8,0.3,1.6
250,"Tomate, hervido",verduras,18,1.0,0.11,3.3
251,"Tomate, puré de tomate",verduras,37,1.7,0.2,7.1
252,"Tomate, puré de tomate, hervido",verduras,42,1.9,0.2,8.0
253,"Tomates cherry, crudos",verduras,23,1.1,0.5,3.6
254,"Verdolaga, cruda",verduras,19,2.0,0.4,1.8
255,"Verdolaga, hervida",verduras,17,2.0,0.4,1.3
256,"Zanahoria, cruda",verduras,43,1.1,0.2,9.2
257,"Zanahoria, hervida",verduras,26,0.8,0.2,5.2
258,"Zapallito, crudo",verduras,15,0.8,0.3,2.1
259,"Zapallito, hervido",verduras,15,1.1,0.4,1.7
260,"Zapallo, crudo",verduras,36,1.0,0.1,7.8
261,"Zapallo, hervido",verduras,28,0.7,0.1,6.2
262,"Zucchini, crudo",verduras,16,1.2,0.3,2.1
263,"Zucchini, hervido",verduras,16,1.2,0.3,2.1
264,"Agua saborizada Aquarius, varios sabores",bebidas con azúcar,30,0.0,0.0,7.5
265,"Agua saborizada Awafrut, varios sabores",bebidas con azúcar,14,0.0,0.0,3.5
266,"Agua saborizada con azúcar, PRO MEDIO",bebidas con azúcar,21,0.0,0.0,5.3
267,"Agua saborizada Levité, varios sa bores",bebidas con azúcar,20,0.0,0.0,5.0
268,"Agua saborizada tipo Sierra de los Padres, Manaos, otros",bebidas con azúcar,34,0.0,0.0,8.5
269,Amargo serrano,bebidas con azúcar,80,0.0,0.0,20.0
270,Bebida a base de soja sabor natural,bebidas con azúcar,40,2.6,1.5,4.0
271,"Bebida a base de soja y jugo, varios sabores",bebidas con azúcar,33,0.6,0.3,7.0
272,"Bebida a base de soja y jugo, varios sabores light",bebidas con azúcar,16,0.6,0.3,2.6
273,"Gaseosa con azúcar, PROMEDIO",bebidas con azúcar,40,0.0,0.0,10.0
274,"Gatorade, varios sabores",bebidas con azúcar,28,0.0,0.0,7.0
275,"Jugo concentrado con azúcar, para diluir",bebidas con azúcar,22,0.0,0.0,5.4
276,Jugo congelado con azúcar en sa chet,bebidas con azúcar,100,0.0,0.0,25.0
277,"Jugo de fruta envasado, varios sa bores",bebidas con azúcar,49,0.2,0.0,12.2
278,Jugo en polvo con azúcar,bebidas con azúcar,322,0.0,0.0,80.6
279,"Powerade, varios sabores",bebidas con azúcar,24,0.0,0.0,6.0
280,Agua saborizada Flip light,bebidas sin azúcar,17,0.0,0.0,4.2
281,"Agua saborizada H2O, varios sa bores",bebidas sin azúcar,0,0.0,0.0,0.0
282,"Agua saborizada Levité Cero, va rios sabores light",bebidas sin azúcar,0,0.0,0.0,0.0
283,"Agua saborizada light, PROMEDIO",bebidas sin azúcar,1,0.0,0.0,0.3
284,Agua saborizada We o Ser ligth,bebidas sin azúcar,0,0.0,0.0,0.0
285,Amargo serrano light,bebidas sin azúcar,0,0.0,0.0,0.0
286,"Gaseosa light, PROMEDIO",bebidas sin azúcar,0,0.0,0.0,0.0
287,"Gatorade Zero, varios sabores (sin azúcar)",bebidas sin azúcar,0,0.0,0.0,0.0
288,Jugo en polvo BC,bebidas sin azúcar,386,3.6,0.0,93.0
289,Jugo en polvo light,bebidas sin azúcar,285,0.0,0.0,71.2
290,"Jugo tipo BC, varios sabores (ali mento líquido dietético con 50% de jugo y pulpa)",bebidas sin azúcar,20,0.0,0.0,5.0
291,"Powerade Zero, varios sabores (sin azúcar)",bebidas sin azúcar,0,0.0,0.0,0.0
292,Ananá Fizz,bebidas alcohólicas y energizantes,60,0.0,0.0,8.0
293,"Aperitivo, tipo Gancia",bebidas alcohólicas y energizantes,163,0.2,0.0,13.7
294,"Bebida destilada, PROMEDIO",bebidas alcohólicas y energizantes,234,0.0,0.0,0.0
295,Bebida energizante,bebidas alcohólicas y energizantes,45,0.0,0.0,11.2
296,Cerveza con alcohol,bebidas alcohólicas y energizantes,43,0.5,0.0,3.6
297,Cerveza sin alcohol,bebidas alcohólicas y energizantes,25,0.4,0.0,5.4
298,Champagne,bebidas alcohólicas y energizantes,83,0.1,0.0,2.6
299,"Chicha, bebida tradicional obteni da por fermentación del maíz",bebidas alcohólicas y energizantes,94,0.6,0.0,16.0
300,Dr. Lemon,bebidas alcohólicas y energizantes,68,0.0,0.0,10.1
301,Fernet,bebidas alcohólicas y energizantes,280,0.0,0.0,0.0
302,"Licor, PROMEDIO",bebidas alcohólicas y energizantes,378,0.0,0.3,41.6
303,Sidra,bebidas alcohólicas y energizantes,43,0.0,0.0,4.3
304,Vermouth,bebidas alcohólicas y energizantes,138,0.1,0.0,13.5
305,Vino blanco,bebidas alcohólicas y energizantes,83,0.1,0.0,2.6
306,"Vino espumante, tipo Frizze",bebidas alcohólicas y energizantes,66,0.0,0.0,5.0
307,Vino Mistela,bebidas alcohólicas y energizantes,163,0.2,0.0,13.7
308,Vino tinto,bebidas alcohólicas y energizantes,84,0.1,0.0,2.7
309,Vodka,bebidas alcohólicas y energizantes,298,0.0,0.0,0.0
310,"Jugo de arándanos, natural",bebidas de frutas naturales o mínimamente procesadas sin azúcar agregada,37,0.3,0.6,7.7
311,"Jugo de fruta, exprimido sin azú car agregada, envasado",bebidas de frutas naturales o mínimamente procesadas sin azúcar agregada,47,0.6,0.2,10.7
312,"Jugo de fruta, pasteurizado no reconstituido",bebidas de frutas naturales o mínimamente procesadas sin azúcar agregada,47,0.7,0.2,10.7
313,"Jugo de limón, exprimido",bebidas de frutas naturales o mínimamente procesadas sin azúcar agregada,30,0.4,0.2,6.6
314,"Jugo de naranja, exprimido",bebidas de frutas naturales o mínimamente procesadas sin azúcar agregada,45,0.7,0.2,10.2
315,"Jugo de papaya, natural",bebidas de frutas naturales o mínimamente procesadas sin azúcar agregada,56,0.4,0.1,13.4
316,"Jugo de pomelo, exprimido",bebidas de frutas naturales o mínimamente procesadas sin azúcar agregada,40,0.5,0.1,9.2
317,Café instantáneo (polvo o granu lado para preparar),infusiones,355,12.2,0.5,75.4
318,Café instantáneo descafeinado (polvo o granulado para preparar),infusiones,392,21.6,0.2,76.0
319,Café preparado a partir de grano molido (tipo café de filtro),infusiones,1,0.1,0.0,0.0
320,Capucchino preparado,infusiones,27,1.7,1.0,2.7
321,Malta instantánea en polvo,infusiones,267,6.0,2.5,55.1
322,"McDonald's, BigMc",alimentos de locales de comidas rápidas,240,12.1,12.1,20.6
323,"McDonald's, Cajita Feliz, Hambur guesa con queso Grill",alimentos de locales de comidas rápidas,269,12.6,11.7,28.2
324,"McDonald's, Cajita Feliz, Hambur guesa Grill",alimentos de locales de comidas rápidas,257,12.4,9.3,30.9
325,"McDonald's, Cajita Feliz, Mc Tos tado",alimentos de locales de comidas rápidas,229,10.5,5.8,33.7
326,"McDonald's, Cajita Feliz, McNug gets X4",alimentos de locales de comidas rápidas,242,14.6,12.5,17.7
327,"McDonald's, Cajita Feliz, Papas Kids",alimentos de locales de comidas rápidas,292,4.0,16.0,33.0
328,"McDonald's, Cajita Feliz, Papas pequeñas",alimentos de locales de comidas rápidas,292,4.0,16.0,33.0
329,"McDonald's, Cajita Feliz, Tomate cherry 50g",alimentos de locales de comidas rápidas,23,1.1,0.5,3.6
330,"McDonald's, Club House",alimentos de locales de comidas rápidas,223,13.4,13.6,11.7
331,"McDonald's, Clubhouse/ Guaca mole/ Cryspi Onion BBQ con pollo crispy",alimentos de locales de comidas rápidas,165,13.9,5.7,14.5
332,"McDonald's, Clubhouse/ Guacamo le/ Cryspi Onion BBQ con pollo grill",alimentos de locales de comidas rápidas,159,14.0,5.8,12.6
333,"McDonald's, Cono",alimentos de locales de comidas rápidas,179,5.0,4.0,30.7
334,"McDonald's, Cuarto de Libra",alimentos de locales de comidas rápidas,273,14.8,15.3,19.0
335,"McDonald's, Doble Cuarto de Li bra con queso",alimentos de locales de comidas rápidas,281,18.1,17.3,13.2
336,"McDonald's, Hamburguesa",alimentos de locales de comidas rápidas,257,12.4,9.3,30.9
337,"McDonald's, Hamburguesa con queso",alimentos de locales de comidas rápidas,269,12.6,11.7,28.2
338,"McDonald's, Mc Flurry Oreo",alimentos de locales de comidas rápidas,169,4.0,5.7,25.5
339,"McDonald's, Mcnífica",alimentos de locales de comidas rápidas,199,10.6,11.0,14.5
340,"McDonald's, McNuggets x 10",alimentos de locales de comidas rápidas,242,14.6,12.5,17.7
341,"McDonald's, McPollo Grill",alimentos de locales de comidas rápidas,176,6.8,7.9,19.5
342,"McDonald's, Papas grandes",alimentos de locales de comidas rápidas,292,4.0,16.0,33.0
343,"McDonald's, Papas medianas",alimentos de locales de comidas rápidas,292,4.0,16.0,33.0
344,"McDonald's, Papas pequeñas",alimentos de locales de comidas rápidas,292,4.0,16.0,33.0
345,"McDonald's, Pollo Jr.",alimentos de locales de comidas rápidas,176,6.8,7.9,19.5
346,"McDonald's, Sundae chocolate",alimentos de locales de comidas rápidas,181,4.1,5.5,28.7
347,"McDonald's, Sundae dulce de leche",alimentos de locales de comidas rápidas,171,4.1,4.1,29.5
348,"McDonald's, Sundae frutilla",alimentos de locales de comidas rápidas,154,3.4,3.4,27.4
349,"McDonald's, Triple Mac",alimentos de locales de comidas rápidas,235,14.7,11.6,18.0
350,Dextrosa en polvo (gramo),suplementos nutricionales,400,0.0,0.0,100.0
351,Ensure Plus (mililitro),suplementos nutricionales,141,5.2,4.5,19.9
352,Ensure Plus drink (mililitro),suplementos nutricionales,141,5.2,4.5,19.9
353,Ensure polvo (gramo),suplementos nutricionales,418,16.0,14.0,57.0
354,Espesan (gramo),suplementos nutricionales,352,0.3,0.1,87.5
355,Fortisip Standard (mililitro),suplementos nutricionales,150,6.0,5.8,18.4
356,Frebini energy drink (mililitro),suplementos nutricionales,141,5.2,4.5,19.9
357,Glucerna SR polvo (gramo),suplementos nutricionales,364,18.8,15.2,37.9
358,Jevity (mililitro),suplementos nutricionales,87,4.0,3.5,10.0
359,Kas Mil polvo (gramo),suplementos nutricionales,494,16.2,25.0,51.0
360,MCT Oiltriglicéridos de cadena media (Nutricia Bagó) (mililitro),suplementos nutricionales,855,0.0,95.0,0.0
361,Neocate polvo (gramo),suplementos nutricionales,483,13.0,24.5,52.5
362,Nutramigen LGG (gramo),suplementos nutricionales,514,14.1,27.0,53.6
363,Osmolite NH (mililitro),suplementos nutricionales,101,4.0,3.4,13.6
364,"Pediasure complete, en polvo (gra mo)",suplementos nutricionales,460,13.9,18.1,60.4
365,Polimerosa (gramo),suplementos nutricionales,400,0.0,0.0,100.0
366,Supportan (mililitro),suplementos nutricionales,138,10.0,6.7,9.4
367,Fresubin Powder Fibre (gramo),suplementos nutricionales,364,18.8,15.2,37.9
368,Herbalife Batido nutricional protei co. Formula 1 (gramo),suplementos nutricionales,392,53.6,10.7,20.4
369,HerbalifeBatido de cookies y cream. Formula 1 (gramo),suplementos nutricionales,392,53.6,10.7,20.4
370,Supportan drink (mililitro),suplementos nutricionales,150,10.0,6.7,12.4
371,Herbalife Polvo de proteínas per sonalizado. Fórmula 3 (gramo),suplementos nutricionales,360,90.0,0.0,0.0
372,Whey Pro. Classic Line (gramo),suplementos nutricionales,359,80.0,4.3,0.0
373,Levadura de cerveza (gramo),suplementos nutricionales,288,40.4,7.6,14.3
374,Aceituna negra,frutas,119,0.8,10.9,4.4
375,Aceituna verde,frutas,130,1.5,13.5,0.5
376,Acerola,frutas,31,0.4,0.3,6.6
377,Ananá,frutas,50,0.4,0.2,11.7
378,"Ananá, enlatado (fruta y almíbar)",frutas,84,0.4,0.1,20.3
379,Arándanos,frutas,54,0.7,0.3,12.1
380,Banana,frutas,92,1.2,0.2,20.4
381,Cereza,frutas,65,1.1,0.5,13.9
382,Ciruela,frutas,51,0.7,0.2,11.5
383,Ciruela pasa / ciruela seca,frutas,236,1.9,0.1,56.8
384,Coco rallado,frutas,504,2.9,35.5,43.2
385,"Coctail de frutas, enlatado (fruta y almíbar)",frutas,74,0.4,0.1,17.9
386,Damasco,frutas,41,1.0,0.1,9.1
387,Dátiles,frutas,282,2.1,0.3,67.7
388,Durazno,frutas,45,0.5,0.1,10.5
389,Durazno orejón,frutas,234,3.6,0.8,53.1
390,"Durazno, enlatado (fruta y almíbar)",frutas,70,0.4,0.1,16.9
391,"Durazno, enlatado light (fruta y almíbar)",frutas,43,0.44,0.06,4.81
392,Frambuesa,frutas,32,1.2,0.7,5.4
393,Frutas abrillantadas,frutas,327,0.3,0.1,81.1
394,Frutilla,frutas,31,0.8,0.6,5.7
395,Granada,frutas,63,0.6,0.2,14.7
396,Guayaba,frutas,47,0.8,1.0,8.9
397,Higo,frutas,74,1.4,0.4,16.3
398,Higo desecado,frutas,238,3.3,0.9,54.1
399,Kaki,frutas,67,0.8,0.4,15.0
400,Kinoto,frutas,47,0.9,0.1,10.6
401,Kiwi,frutas,56,1.1,0.5,11.7
402,Limón,frutas,35,0.9,0.6,6.5
403,Mamón,frutas,38,0.5,0.1,8.8
404,Mandarina,frutas,52,0.8,0.3,11.5
405,Mango,frutas,60,0.8,0.4,13.4
406,Manzana con piel,frutas,48,0.3,0.2,11.4
407,Manzana sin piel,frutas,59,0.3,0.4,13.6
408,Maracuyá,frutas,67,2.2,0.7,13.0
409,Melón,frutas,37,0.5,0.1,8.3
410,Membrillo,frutas,56,0.3,0.1,13.4
411,Mora,frutas,27,1.4,0.5,4.3
412,Naranja,frutas,43,0.94,0.12,9.35
413,Níspero,frutas,38,0.6,0.2,8.6
414,Palta,frutas,190,1.9,19.5,1.8
415,Papaya,frutas,38,0.5,0.1,8.8
416,Pera,frutas,55,0.7,0.4,12.1
417,Pera orejón,frutas,262,2.3,0.4,62.2
418,"Pera, enlatada (fruta y almíbar)",frutas,72,0.2,0.1,17.6
419,"Pera, enlatada light (fruta y almí bar)",frutas,26,0.2,0.0,6.2
420,Pomelo,frutas,22,0.5,0.1,4.8
421,Puré de frutas envasado (alimento infantil),frutas,39,0.2,0.2,9.1
422,Sandía,frutas,32,0.5,0.2,7.2
423,Uva,frutas,73,0.7,0.2,17.2
424,Uva pasa,frutas,315,3.3,0.3,74.8
425,"Almidón de maíz, crudo",legumbres cereales papa pan y pastas,363,0.3,0.1,90.4
426,"Almidón de mandioca, crudo",legumbres cereales papa pan y pastas,363,0.3,0.1,90.4
427,"Amaranto, crudo",legumbres cereales papa pan y pastas,366,15.4,7.8,58.6
428,"Amaranto, hervido",legumbres cereales papa pan y pastas,96,3.8,1.6,16.6
429,Anchi,legumbres cereales papa pan y pastas,116,2.8,2.1,21.6
430,"Arroz blanco, crudo",legumbres cereales papa pan y pastas,339,6.9,0.2,77.5
431,"Arroz blanco, hervido",legumbres cereales papa pan y pastas,126,2.4,0.2,28.6
432,"Arroz envasado deshidratado listo para preparar con salsa u otros ingredientes (tipo cuatro quesos, primavera, etc.)",legumbres cereales papa pan y pastas,355,8.8,3.5,72.1
433,Arroz inflado azucarado,legumbres cereales papa pan y pastas,382,6.3,0.5,88.1
434,"Arroz integral, crudo",legumbres cereales papa pan y pastas,350,7.5,3.2,72.7
435,"Arroz integral, hervido",legumbres cereales papa pan y pastas,116,2.7,1.0,24.0
436,"Arroz yamaní, crudo",legumbres cereales papa pan y pastas,345,7.5,2.7,72.8
437,"Arroz yamaní, hervido",legumbres cereales papa pan y pastas,104,2.3,0.8,21.7
438,"Arveja, semilla seca entera / parti da, cruda",legumbres cereales papa pan y pastas,311,22.0,2.9,49.1
439,"Arveja, semilla seca entera / parti da, hervida",legumbres cereales papa pan y pastas,88,8.3,0.4,12.8
440,"Avena, almohaditas",legumbres cereales papa pan y pastas,366,11.0,5.5,68.0
441,"Avena, arrollada, cruda",legumbres cereales papa pan y pastas,357,15.6,7.5,56.9
442,"Avena, arrollada, hervida",legumbres cereales papa pan y pastas,84,2.5,1.3,15.4
443,Barra crocante de arroz,legumbres cereales papa pan y pastas,399,2.8,0.8,95.0
444,Barra de cereal fortificada,legumbres cereales papa pan y pastas,426,10.9,23.9,41.7
445,Barra de cereal light,legumbres cereales papa pan y pastas,323,5.2,3.7,67.3
446,"Barra de cereales, PROMEDIO",legumbres cereales papa pan y pastas,370,5.6,10.7,62.9
447,"Batata, cruda",legumbres cereales papa pan y pastas,73,1.1,0.1,17.1
448,"Batata, hervida",legumbres cereales papa pan y pastas,83,1.2,0.1,19.2
449,Bizcochitos de arroz envasados (tipo galletita),legumbres cereales papa pan y pastas,397,6.4,3.9,84.0
450,Bizcochitos de grasa envasados,legumbres cereales papa pan y pastas,499,9.0,25.7,57.9
451,Bizcochitos de grasa envasados light,legumbres cereales papa pan y pastas,444,10.2,16.7,63.2
452,"Bizcochos de grasa (panadería) / Criollitos, Libritos (pan con grasa)",legumbres cereales papa pan y pastas,392,7.0,17.4,51.8
453,Bizcochos tipo Bay Biscuit,legumbres cereales papa pan y pastas,396,8.4,4.6,80.2
454,Bizcochuelo preparado (panade ría),legumbres cereales papa pan y pastas,288,5.4,2.7,60.5
455,Bizcochuelo preparado a partir de polvo premezcla,legumbres cereales papa pan y pastas,294,6.0,7.0,51.7
456,"Bizcochuelo preparado a partir de polvo premezcla, SIN TACC",legumbres cereales papa pan y pastas,266,4.2,4.6,52.1
457,Bollitos de anís,legumbres cereales papa pan y pastas,330,7.6,6.8,59.5
458,Brownie (panadería),legumbres cereales papa pan y pastas,519,6.2,30.8,54.3
459,"Pan lactal, SIN TACC",legumbres cereales papa pan y pastas,230,4.3,5.2,41.5
460,Pan negro sin levadura,legumbres cereales papa pan y pastas,228,12.5,3.5,36.7
461,"Pan para panchos o hamburgue sas, envasado",legumbres cereales papa pan y pastas,252,8.9,3.3,46.7
462,"Pan paraguayo / galleta paragua ya (bollitos con levadura, harina, grasa o manteca, leche, huevos y anís)",legumbres cereales papa pan y pastas,307,8.3,9.0,48.2
463,Pan rallado,legumbres cereales papa pan y pastas,371,13.4,5.3,67.5
464,"Pan rallado, fortificado",legumbres cereales papa pan y pastas,371,13.4,5.3,67.5
465,"Pan rallado, SIN TACC",legumbres cereales papa pan y pastas,335,3.5,0.9,78.4
466,Panko (pan rallado japonés),legumbres cereales papa pan y pastas,314,10.7,0.0,67.8
467,"Papa, croquetas u otro prefor mado de papa rebozado, prefrito, congelado",legumbres cereales papa pan y pastas,176,1.9,8.7,22.5
468,"Papa, cruda",legumbres cereales papa pan y pastas,79,2.7,0.1,16.9
469,"Papa, hervida",legumbres cereales papa pan y pastas,81,1.7,0.1,18.2
470,"Papa, puré instantáneo (polvo)",legumbres cereales papa pan y pastas,335,8.3,0.4,74.6
471,Papas prefritas congeladas enva sadas,legumbres cereales papa pan y pastas,143,2.2,4.7,22.9
472,"Pastas secas, SIN TACC, crudas",legumbres cereales papa pan y pastas,322,7.5,2.1,68.3
473,Pastelitos rellenos de dulce de membrillo o batata (panadería / confitería),legumbres cereales papa pan y pastas,404,4.4,18.4,55.2
474,Patay,legumbres cereales papa pan y pastas,221,4.6,0.7,49.1
475,Pionono,legumbres cereales papa pan y pastas,294,6.0,7.0,51.7
476,Pochoclo acaramelado,legumbres cereales papa pan y pastas,426,3.8,12.8,73.9
477,Pochoclo salado,legumbres cereales papa pan y pastas,478,9.0,28.1,47.2
478,Polvo de hornear,legumbres cereales papa pan y pastas,96,0.1,0.0,23.9
479,Polvo para preparar brownie,legumbres cereales papa pan y pastas,415,5.0,8.4,80.0
480,"Porotos, crudos",legumbres cereales papa pan y pastas,276,21.1,1.1,45.3
481,"Porotos, enlatados",legumbres cereales papa pan y pastas,80,5.9,0.5,13.0
482,"Porotos, hervidos",legumbres cereales papa pan y pastas,117,9.7,0.4,18.8
483,"Premezcla para bizcochuelo, SIN TACC",legumbres cereales papa pan y pastas,377,3.6,3.8,82.0
484,"Premezcla para panificados, pas tas y postres, SIN TACC",legumbres cereales papa pan y pastas,357,2.8,1.8,82.5
485,Puflito,legumbres cereales papa pan y pastas,371,4.7,0.5,87.0
486,Quinoa inflada,legumbres cereales papa pan y pastas,407,14.9,7.5,70.2
487,"Quinoa, semilla, cruda",legumbres cereales papa pan y pastas,330,13.8,5.1,57.2
488,"Quinoa, semilla, hervida",legumbres cereales papa pan y pastas,109,4.4,1.9,18.5
489,"Ravioles deshidratados, envasa dos, crudos",legumbres cereales papa pan y pastas,319,9.1,7.2,54.4
490,"Ravioles frescos, artesanal, crudos",legumbres cereales papa pan y pastas,295,13.7,8.0,42.1
491,"Ravioles frescos, artesanal, her vidos",legumbres cereales papa pan y pastas,211,9.8,5.7,30.1
492,"Ravioles frescos, envasados, cru dos",legumbres cereales papa pan y pastas,272,8.8,6.3,44.9
493,Rosca de pascuas (panadería / confitería),legumbres cereales papa pan y pastas,292,7.2,11.0,41.2
494,Rosquete,legumbres cereales papa pan y pastas,342,6.6,9.4,57.7
495,Rosquita tipo Doughtnut,legumbres cereales papa pan y pastas,363,6.4,24.5,29.2
496,Rosquita tipo Doughtnut de cho colate,legumbres cereales papa pan y pastas,418,4.5,19.9,55.2
497,Rosquito de vino (cuyano),legumbres cereales papa pan y pastas,465,5.6,19.1,67.7
498,Salvado de avena,legumbres cereales papa pan y pastas,336,17.3,7.0,50.8
499,Salvado de trigo,legumbres cereales papa pan y pastas,171,16.3,5.5,14.0
500,"Sémola fortificada, cruda",legumbres cereales papa pan y pastas,336,12.7,1.1,68.9
501,"Sémola fortificada, hervida",legumbres cereales papa pan y pastas,73,2.8,0.2,15.1
502,"Sémola, cruda",legumbres cereales papa pan y pastas,336,12.7,1.1,68.9
503,"Sémola, hervida",legumbres cereales papa pan y pastas,71,2.7,0.2,14.7
504,Soja texturizada,legumbres cereales papa pan y pastas,283,51.5,1.2,16.4
505,"Soja, porotos, crudos",legumbres cereales papa pan y pastas,413,34.6,19.9,23.8
506,"Soja, porotos, hervidos",legumbres cereales papa pan y pastas,163,18.2,9.0,2.4
507,"Sushi, PROMEDIO",legumbres cereales papa pan y pastas,87,2.9,0.7,17.4
508,"Tapas para lasagna, pasta seca",legumbres cereales papa pan y pastas,352,13.0,1.5,71.5
509,"Tapioca (almidón de mandioca), crudo",legumbres cereales papa pan y pastas,352,0.2,0.0,87.8
510,Tofu,legumbres cereales papa pan y pastas,149,17.3,8.7,0.5
511,Torta de coco (panadería),legumbres cereales papa pan y pastas,507,6.5,30.9,50.9
512,Torta de manzana (panadería),legumbres cereales papa pan y pastas,317,3.0,16.1,40.0
513,Torta de ricotta (panadería),legumbres cereales papa pan y pastas,363,7.0,17.7,44.0
514,Torta frita,legumbres cereales papa pan y pastas,426,5.1,25.3,44.5
515,Torta mil hojas,legumbres cereales papa pan y pastas,407,8.2,12.4,65.6
516,"Tortillas de trigo, envasadas",legumbres cereales papa pan y pastas,288,8.2,8.0,45.9
517,Tortitas Jachaleras,legumbres cereales papa pan y pastas,484,9.8,22.6,60.4
518,Tostadas de gluten,legumbres cereales papa pan y pastas,335,20.0,1.1,61.3
519,Tostadas de mesa,legumbres cereales papa pan y pastas,388,13.0,4.2,74.5
520,Tostadas integrales,legumbres cereales papa pan y pastas,386,13.0,4.2,74.0
521,Tostadas light,legumbres cereales papa pan y pastas,361,12.0,1.0,76.0
522,Tostadas sin sal,legumbres cereales papa pan y pastas,388,13.0,4.2,74.5
523,"Tostaditas saladas, saborizadas, producto tipo copetín",legumbres cereales papa pan y pastas,474,10.7,18.9,65.5
524,"Trigo burgol, crudo",legumbres cereales papa pan y pastas,315,12.3,1.3,63.4
525,"Trigo burgol, hervido",legumbres cereales papa pan y pastas,71,3.1,0.2,14.1
526,Trigo inflado azucarado,legumbres cereales papa pan y pastas,379,5.7,2.2,84.1
527,"Trigo, grano entero, crudo",legumbres cereales papa pan y pastas,294,12.4,2.0,56.5
528,"Trigo, grano entero, hervido",legumbres cereales papa pan y pastas,165,7.0,1.1,31.7
529,Turrón de maní con oblea tipo go losina,legumbres cereales papa pan y pastas,393,7.9,8.2,71.8
530,Turrón tipo navideño,legumbres cereales papa pan y pastas,485,13.0,28.1,44.9
531,Tutuca,legumbres cereales papa pan y pastas,341,6.7,0.7,76.9
532,Budín industrializado,legumbres cereales papa pan y pastas,379,5.9,16.4,52.0
533,"Budín industrializado con nueces, tipo navideño",legumbres cereales papa pan y pastas,417,6.1,21.2,50.6
534,"Capelettis / capelettinis deshidra tados, envasados, crudos",legumbres cereales papa pan y pastas,351,10.9,6.5,62.1
535,"Capelettis / capelettinis deshidra tados, envasados, hervidos",legumbres cereales papa pan y pastas,135,4.2,2.5,23.9
536,"Capelettis frescos, artesanal, cru do",legumbres cereales papa pan y pastas,295,13.7,8.0,42.1
537,"Capelettis frescos, artesanal, her vido",legumbres cereales papa pan y pastas,211,9.8,5.7,30.1
538,"Cereal desayuno, aritos frutales",legumbres cereales papa pan y pastas,385,6.3,2.3,84.7
539,"Cereal desayuno, aritos sabor miel",legumbres cereales papa pan y pastas,369,6.6,3.1,78.7
540,"Cereal desayuno, bolitas de cho colate",legumbres cereales papa pan y pastas,378,3.3,3.5,83.4
541,"Cereal desayuno, copos azucara dos, fortificados",legumbres cereales papa pan y pastas,401,7.1,0.8,91.4
542,"Cereal desayuno, copos azucara dos, sin fortificar",legumbres cereales papa pan y pastas,371,4.7,0.5,87.0
543,"Cereal desayuno, copos de cereal integral (arroz y maíz), fortificados",legumbres cereales papa pan y pastas,352,11.4,2.9,70.1
544,"Cereal desayuno, copos de maíz sin azúcar, sin fortificar",legumbres cereales papa pan y pastas,401,7.1,0.8,91.4
545,"Cereal desayuno, salvado de trigo tipo bastoncitos",legumbres cereales papa pan y pastas,259,13.0,3.0,45.0
546,Cereal infantil para papilla,legumbres cereales papa pan y pastas,365,11.2,0.0,80.0
547,Cheesecake (panadería / confite ría),legumbres cereales papa pan y pastas,325,5.5,22.5,25.1
548,Chipá,legumbres cereales papa pan y pastas,371,8.8,12.4,56.0
549,Chipá preparado a partir de polvo premezcla,legumbres cereales papa pan y pastas,316,5.5,12.1,46.1
550,"Chipaco o pan con chicharrón, comprado",legumbres cereales papa pan y pastas,340,7.9,16.1,41.0
551,"Choclo, crudo",legumbres cereales papa pan y pastas,97,3.7,1.2,17.8
552,"Choclo, enlatado cremoso",legumbres cereales papa pan y pastas,80,1.7,0.4,17.4
553,"Choclo, enlatado en grano",legumbres cereales papa pan y pastas,67,2.2,1.4,11.3
554,"Choclo, hervido",legumbres cereales papa pan y pastas,100,3.1,0.7,20.2
555,Churros,legumbres cereales papa pan y pastas,354,4.6,20.0,38.8
556,Coquitos (panadería),legumbres cereales papa pan y pastas,440,3.0,22.6,56.1
557,"Cous Cous, cocido",legumbres cereales papa pan y pastas,104,3.8,0.2,21.8
558,"Cous Cous, crudo",legumbres cereales papa pan y pastas,347,12.8,0.6,72.4
559,Cucurucho / cubanito,legumbres cereales papa pan y pastas,399,8.1,6.9,76.0
560,Empanaditas chinas (restaurant),legumbres cereales papa pan y pastas,270,9.4,14.3,25.8
561,Facturas rellenas,legumbres cereales papa pan y pastas,339,7.2,16.9,47.1
562,Facturas simples,legumbres cereales papa pan y pastas,395,8.2,21.0,43.2
563,"Fideos de arroz, SIN TACC, crudos",legumbres cereales papa pan y pastas,168,3.2,1.0,36.7
564,"Fideos de arroz, SIN TACC, hervi dos",legumbres cereales papa pan y pastas,65,1.2,0.4,14.1
565,"Fideos frescos, al huevo, crudos",legumbres cereales papa pan y pastas,285,11.3,2.3,54.7
566,"Fideos frescos, al huevo, hervidos",legumbres cereales papa pan y pastas,98,4.1,1.5,16.9
567,"Fideos secos integrales / fideos secos de sémola y harina de le gumbres, crudos",legumbres cereales papa pan y pastas,346,11.6,1.6,71.2
568,"Fideos secos integrales / fideos secos de sémola y harina de le gumbres, hervidos",legumbres cereales papa pan y pastas,133,4.5,0.6,27.4
569,"Fideos secos, crudos",legumbres cereales papa pan y pastas,352,13.0,1.5,71.5
570,"Fideos secos, fortificados, crudos",legumbres cereales papa pan y pastas,352,13.0,1.5,71.5
571,"Fideos secos, fortificados, hervidos",legumbres cereales papa pan y pastas,148,5.8,0.9,29.1
572,"Fideos secos, hervidos",legumbres cereales papa pan y pastas,148,5.8,0.9,29.1
573,Frangollo (maíz seco pisado),legumbres cereales papa pan y pastas,341,6.9,3.9,69.6
574,Galleta de campo,legumbres cereales papa pan y pastas,289,9.8,1.0,60.2
575,Galleta de grasa con chicharrón,legumbres cereales papa pan y pastas,392,7.0,17.4,51.8
576,Galleta marinera,legumbres cereales papa pan y pastas,350,12.8,0.7,73.1
577,Galleta marinera con semillas / galletitas crackers con semillas,legumbres cereales papa pan y pastas,422,12.2,11.6,67.1
578,Galleta marinera integral,legumbres cereales papa pan y pastas,371,7.1,10.7,61.6
579,"Galleta marinera, light en grasas",legumbres cereales papa pan y pastas,370,12.2,4.0,71.3
580,Galletas de arroz,legumbres cereales papa pan y pastas,380,6.3,2.1,83.9
581,Galletas de arroz horneadas tipo snack varios sabores,legumbres cereales papa pan y pastas,367,8.2,2.8,77.3
582,Galletas de arroz sin sal,legumbres cereales papa pan y pastas,367,8.2,2.8,77.3
583,Galletitas de agua con girasol alto oleico,legumbres cereales papa pan y pastas,438,12.2,11.6,71.3
584,Galletitas de agua con grasa va cuna,legumbres cereales papa pan y pastas,451,12.2,13.0,71.3
585,Galletitas de agua light,legumbres cereales papa pan y pastas,438,12.2,11.6,71.3
586,Galletitas de agua sin sal,legumbres cereales papa pan y pastas,438,12.2,11.6,71.3
587,Galletitas de agua sin sal con chía y lino,legumbres cereales papa pan y pastas,435,12.2,11.6,70.6
588,"Galletitas de agua, PROMEDIO",legumbres cereales papa pan y pastas,438,12.2,11.6,71.3
589,Galletitas de salvado o integrales,legumbres cereales papa pan y pastas,411,10.6,15.8,56.5
590,Galletitas dulces con centro de membrillo o similar (tipo Pepas),legumbres cereales papa pan y pastas,473,5.9,17.3,73.3
591,Galletitas dulces con chips de chocolate,legumbres cereales papa pan y pastas,480,6.0,22.0,64.5
592,Galletitas dulces de almidón de maíz (tapita de alfajor),legumbres cereales papa pan y pastas,450,8.5,13.8,73.0
593,Galletitas dulces hojaldradas,legumbres cereales papa pan y pastas,414,5.0,22.0,48.9
594,Galletitas dulces obleas,legumbres cereales papa pan y pastas,480,4.5,20.0,70.6
595,Galletitas dulces rellenas,legumbres cereales papa pan y pastas,473,4.9,19.6,69.4
596,Galletitas dulces rellenas bañadas en chocolate,legumbres cereales papa pan y pastas,520,6.8,25.0,67.0
597,Galletitas dulces simples,legumbres cereales papa pan y pastas,450,8.5,13.8,73.0
598,Galletitas dulces tipo Frutigran,legumbres cereales papa pan y pastas,423,7.8,16.0,62.0
599,"Galletitas dulces, SIN TACC",legumbres cereales papa pan y pastas,458,3.0,17.0,73.3
600,Galletitas integrales sin sal,legumbres cereales papa pan y pastas,411,10.6,15.8,56.5
601,Galletitas tipo copetín,legumbres cereales papa pan y pastas,500,6.6,26.4,59.0
602,Galletitas tipo talitas o fajitas,legumbres cereales papa pan y pastas,438,12.2,11.6,71.3
603,"Garbanzos, crudos",legumbres cereales papa pan y pastas,339,20.5,6.0,50.8
604,"Garbanzos, enlatados",legumbres cereales papa pan y pastas,117,7.0,2.5,16.6
605,"Garbanzos, hervidos",legumbres cereales papa pan y pastas,138,8.9,2.6,19.8
606,Gérmen de trigo,legumbres cereales papa pan y pastas,334,23.2,9.7,38.6
607,Granola,legumbres cereales papa pan y pastas,453,13.7,24.3,45.0
608,Grisines,legumbres cereales papa pan y pastas,380,10.9,5.0,72.9
609,Grisines sin sal,legumbres cereales papa pan y pastas,380,10.9,5.0,72.9
610,Hamburguesa de soja congelada,legumbres cereales papa pan y pastas,157,15.7,6.3,9.4
611,Harina de algarrobo,legumbres cereales papa pan y pastas,221,4.6,0.7,49.1
612,"Harina de arroz, cruda",legumbres cereales papa pan y pastas,348,6.0,1.4,77.7
613,"Harina de cebada, cruda",legumbres cereales papa pan y pastas,328,10.2,1.7,68.0
614,"Harina de centeno, cruda",legumbres cereales papa pan y pastas,333,8.9,0.9,72.2
615,Harina de chía,legumbres cereales papa pan y pastas,374,16.5,30.7,7.7
616,"Harina de garbanzos, cruda",legumbres cereales papa pan y pastas,338,22.4,6.7,47.0
617,"Harina de maíz, cruda",legumbres cereales papa pan y pastas,307,9.1,1.39,64.5
618,"Harina de maíz, hervida",legumbres cereales papa pan y pastas,108,3.0,0.4,21.5
619,"Harina de quinoa, cruda",legumbres cereales papa pan y pastas,304,4.4,1.0,69.4
620,"Harina de soja, cruda",legumbres cereales papa pan y pastas,338,49.8,8.9,14.63
621,"Harina de trigo con levadura para pizza, cruda",legumbres cereales papa pan y pastas,360,11.6,2.0,74.0
622,"Harina de trigo fortificada, cruda",legumbres cereales papa pan y pastas,329,10.3,1.0,69.8
623,"Harina de trigo integral, cruda",legumbres cereales papa pan y pastas,308,11.4,3.0,58.8
624,"Harina de trigo, cruda",legumbres cereales papa pan y pastas,329,10.3,1.0,69.8
625,"Harina leudante, cruda",legumbres cereales papa pan y pastas,329,10.3,1.0,69.8
626,"Lentejas, crudas",legumbres cereales papa pan y pastas,301,20.8,0.8,52.7
627,"Lentejas, enlatadas",legumbres cereales papa pan y pastas,86,9.0,0.4,11.6
628,"Lentejas, hervidas",legumbres cereales papa pan y pastas,88,9.0,0.4,12.2
629,Levadura en polvo,legumbres cereales papa pan y pastas,288,40.4,7.6,14.3
630,Levadura fresca,legumbres cereales papa pan y pastas,91,8.4,1.9,10.0
631,Madalenas,legumbres cereales papa pan y pastas,368,5.8,15.6,51.1
632,Madalenas fortificadas,legumbres cereales papa pan y pastas,364,5.0,13.0,56.7
633,Madalenas rellenas,legumbres cereales papa pan y pastas,371,5.4,13.5,57.0
634,"Maíz, grano entero, crudo",legumbres cereales papa pan y pastas,317,9.5,0.9,67.6
635,"Maíz, grano entero, hervido",legumbres cereales papa pan y pastas,127,3.8,0.4,27.0
636,"Masa de pizza, preparada a partir de polvo premezcla",legumbres cereales papa pan y pastas,248,7.1,3.4,47.2
637,"Masa de pizza, preparada a partir de polvo premezcla, SIN TACC",legumbres cereales papa pan y pastas,248,7.1,3.4,47.2
638,Masa de prepizza de panadería o envasada,legumbres cereales papa pan y pastas,241,6.9,3.3,45.9
639,"Masa de tarta o empanada, inte gral",legumbres cereales papa pan y pastas,325,7.0,12.3,46.6
640,Masa de tarta o empanadas,legumbres cereales papa pan y pastas,337,6.7,13.3,47.6
641,Masa de tarta o empanadas light,legumbres cereales papa pan y pastas,268,6.7,5.6,47.6
642,"Masa de tarta, SIN TACC",legumbres cereales papa pan y pastas,283,2.7,9.3,47.0
643,Masas finas surtidas (panadería / confitería),legumbres cereales papa pan y pastas,431,6.2,15.1,67.6
644,Masas secas surtidas (panadería / confitería),legumbres cereales papa pan y pastas,547,5.9,32.7,57.2
645,"Milanesa de arroz, prefrita",legumbres cereales papa pan y pastas,240,3.8,12.1,29.1
646,"Milanesa de soja, prefrita",legumbres cereales papa pan y pastas,256,12.0,9.2,31.4
647,"Ñoquis de papa frescos, artesa nal, crudos",legumbres cereales papa pan y pastas,159,5.8,2.6,27.9
648,"Ñoquis de papa frescos, artesa nal, hervidos",legumbres cereales papa pan y pastas,151,5.5,2.5,26.6
649,"Ñoquis de papa, envasados, cru dos",legumbres cereales papa pan y pastas,159,5.8,2.6,27.9
650,"Ñoquis de papa, envasados, her vidos",legumbres cereales papa pan y pastas,151,5.5,2.5,26.6
651,Ñoquis preparados a partir de polvo premezcla,legumbres cereales papa pan y pastas,139,3.7,1.1,28.5
652,"Ñoquis preparados a partir de polvo premezcla, SIN TACC",legumbres cereales papa pan y pastas,151,2.8,1.5,31.6
653,Pan árabe,legumbres cereales papa pan y pastas,261,9.1,1.2,53.5
654,"Pan blanco, tipo molde, lacteado",legumbres cereales papa pan y pastas,244,9.4,2.2,46.7
655,"Pan cacho (tipo pan casero de campo, sin grasa)",legumbres cereales papa pan y pastas,268,8.4,0.7,57.0
656,"Pan con grasa (tipo pan ""cordero"")",legumbres cereales papa pan y pastas,329,7.1,15.0,41.5
657,Pan criollo / semita / tortillas / bollos / harinitas,legumbres cereales papa pan y pastas,268,8.4,0.7,57.0
658,Pan de Centeno,legumbres cereales papa pan y pastas,234,8.5,3.3,42.5
659,Pan de gluten,legumbres cereales papa pan y pastas,231,12.1,2.2,40.8
660,Pan de maíz,legumbres cereales papa pan y pastas,265,6.7,7.1,43.5
661,Pan de miga,legumbres cereales papa pan y pastas,241,7.2,2.1,48.3
662,Pan de molde con salvado,legumbres cereales papa pan y pastas,225,10.9,2.1,40.7
663,Pan de molde con salvado sin sal,legumbres cereales papa pan y pastas,263,15.0,4.8,40.0
664,Pan de salvado,legumbres cereales papa pan y pastas,263,7.7,7.7,40.7
665,Pan de salvado con semillas,legumbres cereales papa pan y pastas,258,9.9,4.8,43.8
666,Pan de salvado sin sal (panade ría),legumbres cereales papa pan y pastas,263,7.7,7.7,40.7
667,Pan de viena,legumbres cereales papa pan y pastas,298,9.8,1.9,60.4
668,Pan dulce,legumbres cereales papa pan y pastas,358,9.4,11.6,54.1
669,Pan figacita de manteca,legumbres cereales papa pan y pastas,278,6.8,7.1,46.6
670,Pan francés o pan casero sin agregado de grasa o aceite,legumbres cereales papa pan y pastas,268,8.4,0.7,57.0
671,Pan francés sin sal,legumbres cereales papa pan y pastas,268,8.4,0.7,57.0
672,"Alimento a base de leche entera y café, fortificado con calcio, varios sabores, listo para consumir",leche y postres de leche,48,1.9,1.2,7.4
673,"Bebida láctea parcialmente des cremada fluida, baja en lactosa, fortificada con vitaminas A, D, B2, B9 y Zinc",leche y postres de leche,44,0.8,0.9,8.3
674,Flan envasado listo para consu mir,leche y postres de leche,129,3.2,2.6,23.1
675,Flan envasado listo para consu mir light,leche y postres de leche,91,4.4,0.6,17.1
676,Leche condensada,leche y postres de leche,328,7.9,8.7,54.4
677,"Leche de cabra, entera, en polvo",leche y postres de leche,526,20.6,36.9,27.8
678,"Leche de cabra, entera, fluida",leche y postres de leche,84,3.3,5.9,4.5
679,"Leche de oveja, entera, fluida",leche y postres de leche,99,5.5,6.5,4.5
680,"Leche de vaca, ordeñada (sin nin gún tipo de procesamiento)",leche y postres de leche,65,3.3,3.7,4.7
681,"Leche descremada en polvo, forti ficada con vitaminas A y D",leche y postres de leche,360,35.5,1.0,52.2
682,"Leche descremada en polvo, tipo Nido Buen Día, fortificada con hierro y calcio",leche y postres de leche,495,18.5,26.2,46.2
683,"Leche descremada fluida, con 50% más de proteínas",leche y postres de leche,43,4.5,0.4,5.4
684,"Leche en polvo, 25% menos de grasas saturadas, fortificada con vitaminas A, D, C, calcio y zinc",leche y postres de leche,501,18.8,26.9,46.0
685,Leche entera en polvo tipo Nido Fortigrow,leche y postres de leche,496,21.2,26.9,42.3
686,"Leche entera en polvo, deslacto sada, fortificada con vitaminas A y D *",leche y postres de leche,480,25.8,24.8,38.4
687,"Leche entera en polvo, fortificada con hierro",leche y postres de leche,480,25.8,24.8,38.4
688,"Leche entera en polvo, fortificada con vitaminas A y D",leche y postres de leche,480,25.8,24.8,38.4
689,"Leche entera en polvo, Plan Ma terno Infantil / Programas Socia les / otros, fortificada con hierro, zinc y ác. ascórbico",leche y postres de leche,480,25.8,24.8,38.4
690,"Leche entera en polvo, Plan Ma terno Infantil, sin fortificación",leche y postres de leche,480,25.8,24.8,38.4
691,"Leche entera en polvo, Plan Vida, Ministerio de Desarrollo Social Pcia. de Bs. As., fortificada con vitaminas A y D",leche y postres de leche,480,25.8,24.8,38.4
692,"Leche entera en polvo, sin fortifi cación",leche y postres de leche,480,25.8,24.8,38.4
693,"Leche entera fluida, fortificada con hierro",leche y postres de leche,58,3.1,2.9,4.8
694,"Leche entera fluida, con azúcar, lista para consumir",leche y postres de leche,76,3.2,2.8,9.4
695,"Leche entera fluida, con CLA, for tificada con vitaminas A y D",leche y postres de leche,56,3.0,2.7,4.8
696,"Leche entera fluida, con vitaminas A y D",leche y postres de leche,58,3.1,2.9,4.8
697,"Leche entera fluida, deslactosada, fortificada con vitaminas A y D",leche y postres de leche,58,3.1,2.9,4.8
698,"Leche entera fluida, fortificada con vitaminas A, D y B9",leche y postres de leche,57,3.2,2.9,4.6
699,"Leche entera fluida, fortificada con vitaminas A, D, C, B9 y extra calcio",leche y postres de leche,57,3.2,2.9,4.6
700,"Leche entera fluida, sin fortifica ción",leche y postres de leche,58,3.1,2.9,4.8
701,"Leche fórmula 012 meses, hi poalergénica, tipo Nutrilón HA, NAN HA, en polvo",leche y postres de leche,490,12.0,26.0,52.0
702,"Leche fórmula 012 meses, sin lactosa, en polvo",leche y postres de leche,504,10.7,26.3,56.0
703,"Leche fórmula antireflujo, en pol vo",leche y postres de leche,504,10.9,26.0,56.7
704,"Leche fórmula etapa 3, en polvo",leche y postres de leche,460,14.2,19.2,57.6
705,"Leche fórmula etapa 3, fluida",leche y postres de leche,67,2.1,2.8,8.4
706,"Leche fórmula etapa 3, sin lacto sa, en polvo",leche y postres de leche,496,21.2,26.9,42.3
707,"Leche fórmula etapa 4, en polvo",leche y postres de leche,436,11.0,18.0,57.5
708,"Leche fórmula etapa 4, fluida",leche y postres de leche,61,1.5,2.5,8.1
709,"Leche fórmula inicio, en polvo",leche y postres de leche,472,8.9,24.0,55.0
710,"Leche fórmula inicio, fluida",leche y postres de leche,66,1.2,3.3,7.6
711,"Leche fórmula para prematuros etapa 1, en polvo",leche y postres de leche,503,16.0,24.0,55.7
712,"Leche fórmula para prematuros etapa 1, fluida",leche y postres de leche,79,2.6,3.9,8.4
713,"Leche fórmula para prematuros etapa 2, en polvo",leche y postres de leche,503,16.0,24.0,55.7
714,"Leche fórmula para prematuros etapa 2, fluida",leche y postres de leche,79,2.5,3.8,8.7
715,"Leche fórmula seguimiento, en polvo",leche y postres de leche,449,10.0,21.0,55.0
716,"Leche fórmula seguimiento, fluida",leche y postres de leche,66,1.5,3.1,8.1
717,"Leche fórmula, tipo Alfaré, en polvo**",leche y postres de leche,501,14.8,25.1,53.9
718,"Leche fórmula, tipo Enfabebe Confort, en polvo",leche y postres de leche,515,11.0,27.0,57.0
719,"Leche fórmula, tipo GA1 Anamix Infant, en polvo",leche y postres de leche,459,13.1,23.0,49.8
720,"Leche fórmula, tipo Nutrilon Pepti junior HE, en polvo",leche y postres de leche,511,14.0,27.0,53.0
721,Leche materna,leche y postres de leche,70,1.1,4.2,6.9
722,"Leche parcialmente descremada fluida, con Fitoesteroles y Ác. Grasos Omega 3, fortificada con calcio y vitaminas A, D y E",leche y postres de leche,53,3.3,2.2,4.9
723,"Leche parcialmente descremada fluida, deslactosada, fortificada con vitaminas A y D",leche y postres de leche,44,3.2,1.4,4.6
724,"Leche parcialmente descremada fluida, fortificada con hierro",leche y postres de leche,44,3.2,1.4,4.6
725,"Leche parcialmente descremada fluida, fortificada con vitaminas A y D",leche y postres de leche,44,3.2,1.4,4.6
726,"Leche parcialmente descremada fluida, fortificada con vitaminas A, D, C y ác. fólico",leche y postres de leche,44,3.2,1.4,4.6
727,"Leche parcialmente descremada fluida, sin fortificación",leche y postres de leche,44,3.2,1.4,4.6
728,"Leche parcialmente descremada, sabor chocolate o dulce de leche, fortificada con vitaminas A y D, lista para consumir",leche y postres de leche,67,2.7,1.5,10.9
729,"Leche seguimiento etapa 3, sabor vainilla",leche y postres de leche,68,2.1,2.6,9.0
730,"Leche semidescremada en polvo, deslactosada",leche y postres de leche,496,21.2,26.9,42.3
731,Postre de leche bebible infantil,leche y postres de leche,59,2.5,0.5,11.1
732,Postre de leche listo para consu mir light,leche y postres de leche,93,3.7,1.3,16.5
733,Postre de leche listo para consu mir tipo Danonino,leche y postres de leche,91,4.7,2.3,13.0
734,Postre de leche listo para consu mir tipo Serenito,leche y postres de leche,141,3.6,3.8,23.1
735,Probióticos descremados,leche y postres de leche,39,2.8,0.0,7.0
736,Probióticos enteros,leche y postres de leche,84,2.7,1.0,16.0
737,Yogur con fitoesteroles,yogures,46,2.9,1.0,6.4
738,Yogur descremado,yogures,36,2.9,0.0,6.0
739,Yogur descremado bebible,yogures,36,2.9,0.0,6.0
740,Yogur descremado con cereales,yogures,69,4.5,0.3,12.0
741,Yogur descremado con frutas,yogures,56,3.9,0.3,9.3
742,Yogur descremado con frutas y ce reales,yogures,73,4.3,0.6,12.7
743,Yogur descremado fortificado con calcio,yogures,64,4.0,1.3,9.2
744,Yogur entero bebible saborizado,yogures,76,2.9,1.8,12.0
745,Yogur entero con cereales,yogures,123,3.9,2.8,20.5
746,Yogur entero con frutas,yogures,96,3.6,2.6,14.7
747,Yogur entero con frutas y cereales,yogures,133,3.2,3.4,22.3
748,Yogur entero natural,yogures,62,3.5,3.3,4.7
749,Yogur entero saborizado,yogures,87,3.5,3.3,11.0
750,Yogur fortificado con hierro,yogures,87,3.5,3.3,11.0
751,Muzzarella rebozada sin freir (polle ría o granja),quesos,305,18.9,16.7,19.8
752,Queso Pategrás,quesos,332,25.4,25.6,0.0
753,Queso Azul,quesos,368,20.0,31.1,2.0
754,"Queso blanco descremado, untable",quesos,82,13.7,0.3,6.1
755,"Queso blanco semidescremado, untable",quesos,128,7.6,8.4,5.5
756,Queso Cheddar,quesos,410,24.3,33.8,2.1
757,Queso Chubut,quesos,337,25.9,24.9,2.2
758,"Queso crema entero, untable",quesos,245,6.6,22.6,3.9
759,Queso Cremoso,quesos,310,20.4,24.3,2.5
760,Queso Cuartirolo,quesos,280,20.8,21.4,1.0
761,Queso de cabra,quesos,355,21.6,29.8,0.1
762,Queso de máquina,quesos,356,24.9,27.4,2.2
763,Queso en hebras,quesos,381,35.8,25.0,3.2
764,Queso en hebras light,quesos,277,30.5,16.5,1.7
765,Queso Fontina,quesos,389,25.6,31.1,1.6
766,Queso Fontina fundido light,quesos,198,14.0,14.0,4.0
767,Queso fresco sin sal,quesos,224,26.9,12.6,0.8
768,Queso fundido,quesos,303,11.0,27.5,2.9
769,Queso Gruyére,quesos,407,28.6,32.3,0.4
770,Queso Holanda,quesos,356,24.9,27.4,2.2
771,Queso Mar del Plata,quesos,332,25.4,25.6,0.0
772,Queso Mascarpone,quesos,357,6.2,34.4,5.5
773,Queso Muzzarella,quesos,278,23.6,19.3,2.4
774,Queso Parmesano,quesos,350,32.7,24.4,0.0
775,Queso pasta blanda descremado,quesos,207,27.4,10.6,0.5
776,Queso pasta blanda doble crema,quesos,357,14.0,33.0,1.0
777,"Queso pasta blanda, PROMEDIO *",quesos,310,20.4,24.3,2.5
778,"Queso pasta dura, PROMEDIO **",quesos,350,25.6,26.6,2.1
779,"Queso pasta semidura, PROME DIO ***",quesos,356,24.9,27.4,2.2
780,Queso porsalut sin sal light,quesos,225,26.3,12.9,1.0
781,Queso Provolone,quesos,350,25.6,26.6,2.1
782,Queso rallado envasado,quesos,420,28.4,27.8,13.9
783,Queso Reggianito,quesos,381,35.8,25.0,3.2
784,Queso Roquefort,quesos,370,21.5,30.6,2.0
785,Queso Sardo,quesos,384,31.8,26.9,3.6
786,Queso Sbrinz,quesos,350,25.6,26.6,2.1
787,Queso untable tipo Finlandia,quesos,284,7.1,27.0,3.2
788,Queso untable tipo Finlandia light,quesos,195,9.0,16.0,3.8
789,Queso untable tipo Tholem,quesos,284,8.0,24.0,8.9
790,Queso untable tipo Tholem light,quesos,128,11.0,8.4,2.0
791,"Queso untable, PROMEDIO",quesos,208,7.9,16.7,6.7
792,Quesos de pasta semidura descre mados,quesos,251,24.3,15.9,2.8
793,Ricota,quesos,169,11.6,11.8,4.0
794,Ricota descremada,quesos,137,11.4,7.9,5.1
795,Bondiola (fiambre),carnes,264,16.5,22.0,0.0
796,Butifarra,carnes,296,13.6,25.1,3.8
797,"Cabra, cruda",carnes,103,20.6,2.3,0.0
798,"Cabra, al horno",carnes,136,27.1,3.0,0.0
799,Cantimpalo (fiambre),carnes,372,21.1,31.7,0.7
800,"Carpincho, crudo",carnes,206,18.2,14.8,0.0
801,"Cerdo, PROMEDIO, crudo",carnes,206,18.2,14.8,0.0
802,"Cerdo, PROMEDIO (horno/parrilla)",carnes,193,27.5,9.2,0.0
803,"Chinchulines, tripa gorda, crudos",carnes,216,11.0,19.1,0.0
804,"Chinchulines, tripa gorda (horno/ parrilla)",carnes,270,13.8,23.9,0.0
805,"Chivito, crudo",carnes,103,20.6,2.3,0.0
806,Chivito (horno/parrilla),carnes,136,27.1,3.0,0.0
807,"Chorizo, crudo",carnes,296,13.6,25.1,3.8
808,Chorizo (horno/parrilla),carnes,405,18.7,34.4,5.2
809,Chorizo seco,carnes,425,21.7,37.0,1.2
810,"Conejo, crudo",carnes,130,20.1,5.6,0.0
811,"Conejo, hervido",carnes,197,30.4,8.4,0.0
812,"Corazón, vacuno, crudo",carnes,107,17.7,3.9,0.1
813,"Cordero, PROMEDIO, crudo",carnes,224,17.8,17.0,0.0
814,"Cordero, PROMEDIO (horno/pa rrilla)",carnes,249,24.5,16.8,0.0
815,Cuerito de cerdo,carnes,514,9.3,53.0,0.0
816,Fiambre de cerdo,carnes,155,16.6,8.8,2.3
817,Hamburguesa de carne vacuna (carnicería),carnes,209,18.6,15.0,0.0
818,"Hamburguesa de carne vacuna, industrializada",carnes,218,17.3,16.5,0.1
819,"Hamburguesa de carne vacuna, industrializada light",carnes,175,18.4,11.3,0.0
820,"Hamburguesa de carne vacuna, industrializada, rebozada",carnes,240,12.3,12.3,20.0
821,Hamburguesa de pollo (pollería / granja),carnes,208,17.1,15.5,0.1
822,"Hamburguesa de pollo, industria lizada",carnes,208,17.1,15.5,0.1
823,"Hígado, crudo",carnes,130,20.4,3.6,3.9
824,Hígado (rehogado/plancha),carnes,169,26.5,4.7,5.2
825,"Hígado de pollo, crudo",carnes,114,16.9,4.8,0.7
826,"Hígado de pollo, cocido",carnes,165,25.8,6.4,1.1
827,"Jabalí, crudo",carnes,116,21.5,3.3,0.0
828,Jamón cocido,carnes,107,18.4,3.3,1.0
829,Jamón crudo,carnes,319,28.8,22.6,0.2
830,Leberwurst,carnes,322,14.1,28.5,2.2
831,"Lengua, cruda",carnes,219,14.9,16.1,3.7
832,"Lengua, hervida",carnes,278,19.3,22.3,0.0
833,Lomito ahumado,carnes,115,18.7,4.0,1.0
834,Longaniza,carnes,425,21.7,37.0,1.2
835,Matambre (fiambre),carnes,176,21.3,10.1,0.0
836,Milanesa de carne vacuna rebo zada (carnicería),carnes,160,18.9,3.0,14.5
837,Milanesa de pollo rebozada (po llería / granja),carnes,172,19.8,3.9,14.5
838,"Milanesa de pollo, prefrita con gelada",carnes,242,14.3,15.0,12.4
839,"Mollejas, crudas",carnes,232,12.2,20.4,0.0
840,"Mollejas, a la parrilla",carnes,312,21.9,25.0,0.0
841,"Mondongo, crudo",carnes,81,12.1,3.7,0.0
842,"Mondongo, hervido",carnes,91,11.7,4.1,2.0
843,Morcilla,carnes,374,14.6,34.5,1.3
844,Mortadela,carnes,306,16.4,25.4,3.1
845,Nuggets o patitas de pollo,carnes,262,12.0,17.3,14.5
846,"Osobuco, crudo",carnes,210,20.0,14.4,0.0
847,"Osobuco, hervido",carnes,349,33.4,24.0,0.0
848,Paleta (fiambre),carnes,107,18.4,3.3,1.0
849,Panceta,carnes,389,13.7,37.1,0.0
850,Pastrón,carnes,141,21.8,5.8,0.4
851,Paté / picadillo,carnes,315,14.2,28.0,1.5
852,"Pato, crudo",carnes,130,18.3,6.0,0.9
853,"Pato, al horno",carnes,195,23.5,11.2,0.0
854,"Pavo, crudo",carnes,108,22.6,1.9,0.1
855,"Pavo, al horno",carnes,151,29.1,3.8,0.0
856,"Pollo con piel, crudo",carnes,208,17.1,15.5,0.1
857,Pollo con piel (horno/parrilla),carnes,216,24.0,13.4,0.0
858,"Pollo sin piel, crudo",carnes,106,20.3,2.7,0.0
859,Pollo sin piel (horno/parrilla),carnes,160,25.0,6.6,0.0
860,"Pollo, menudos, crudos",carnes,122,18.1,5.0,1.1
861,"Pollo, menudos, cocidos",carnes,158,26.8,5.2,0.9
862,"Pollo, pechuga sin piel, crudo",carnes,114,22.5,2.6,0.0
863,"Pollo, pechuga sin piel (horno/pa rrilla)",carnes,151,30.5,3.2,0.0
864,"Rana, cruda",carnes,64,15.5,0.2,0.0
865,"Riñón, crudo",carnes,99,17.4,3.1,0.3
866,Riñón (horno/parrilla),carnes,151,27.3,4.7,0.0
867,Salame,carnes,372,21.1,31.7,0.7
868,Salchicha de viena,carnes,226,15.3,17.2,2.6
869,Salchicha de viena light,carnes,140,12.0,9.5,1.6
870,"Salchicha parrillera, cruda",carnes,296,13.6,25.1,3.8
871,"Salchicha parrillera, a la parrilla",carnes,405,18.7,34.4,5.2
872,Salchichón,carnes,243,15.3,19.9,0.7
873,"Sesos, crudos",carnes,140,10.9,10.3,1.1
874,"Sesos, hervidos",carnes,147,11.7,10.5,1.5
875,"Ubre, cruda",carnes,230,15.4,18.7,0.0
876,"Vacuno, cortes grasos*, PROME DIO, crudo",carnes,210,20.0,14.4,0.0
877,"Vacuno, cortes grasos*, PROME DIO, hervido",carnes,349,33.4,24.0,0.0
878,"Vacuno, cortes grasos*, PROME DIO, horno/parrilla",carnes,240,26.1,15.1,0.0
879,"Vacuno, cortes magros**, PRO MEDIO, crudo",carnes,138,22.2,5.5,0.0
880,"Vacuno, cortes magros**, PRO MEDIO, hervido",carnes,283,45.2,11.3,0.0
881,"Vacuno, cortes magros**, PRO MEDIO, horno/parrilla",carnes,198,29.5,8.9,0.0
882,"Vacuno, cortes semigrasos***, PROMEDIO, crudo",carnes,176,21.3,10.1,0.0
883,"Vacuno, cortes semigrasos***, PROMEDIO, hervido",carnes,293,35.6,16.8,0.0
884,"Vacuno, cortes semigrasos, (ej: lomo, carne picada especial, roast beef, paleta, bife angosto, tortuguita, palomita), PROMEDIO, horno/parrilla",carnes,225,28.2,12.5,0.0
885,"Vizcacha, cruda",carnes,160,23.9,3.7,7.7
886,"Huevo de codorníz, entero, crudo",huevos,175,13.6,13.3,0.1
887,"Huevo de codorníz, entero, her vido",huevos,175,13.6,13.3,0.1
888,"Huevo de gallina, clara, cruda",huevos,51,11.6,0.2,0.7
889,"Huevo de gallina, clara, hervida",huevos,51,11.6,0.2,0.7
890,"Huevo de gallina, entero, crudo",huevos,156,12.0,11.8,0.4
891,"Huevo de gallina, entero, hervido",huevos,156,12.0,11.8,0.4
892,"Huevo de gallina, yema, cruda",huevos,339,16.6,28.7,3.6
893,"Huevo de gallina, yema, hervida",huevos,339,16.6,28.7,3.6
894,"Abadejo, crudo",pescados y mariscos,72,15.8,0.9,0.2
895,"Almeja, cruda",pescados y mariscos,82,14.7,1.0,3.6
896,"Anchoa, enlatada en aceite",pescados y mariscos,203,28.9,9.7,0.0
897,"Atún, enlatado al natural",pescados y mariscos,86,19.4,1.0,0.0
898,"Atún, enlatado en aceite",pescados y mariscos,190,29.1,8.2,0.0
899,"Atún, lomito fresco, crudo",pescados y mariscos,137,23.3,4.9,0.0
900,"Bocaditos de pescado, prefritos",pescados y mariscos,248,19.0,9.7,21.1
901,"Brótola, cruda",pescados y mariscos,83,17.6,1.2,0.4
902,"Caballa, enlatada",pescados y mariscos,149,23.2,6.3,0.0
903,"Calamar, crudo",pescados y mariscos,99,18.5,1.4,3.1
904,Camarón,pescados y mariscos,91,21.0,0.8,0.0
905,"Cornalitos, crudos",pescados y mariscos,86,16.0,2.2,0.6
906,"Corvina, cruda",pescados y mariscos,97,19.5,1.9,0.4
907,"Dorado, crudo",pescados y mariscos,99,18.8,2.6,0.0
908,"Gatuzo, crudo",pescados y mariscos,72,17.4,0.2,0.1
909,Hamburguesa de pescado (pes cadería),pescados y mariscos,136,23.9,2.5,4.5
910,Kani Kama,pescados y mariscos,96,15.2,0.9,6.9
911,Langostino,pescados y mariscos,96,22.0,0.9,0.0
912,"Lenguado, crudo",pescados y mariscos,88,17.5,1.9,0.2
913,"Mejillón, crudo",pescados y mariscos,83,11.9,2.2,3.7
914,"Merluza, cruda",pescados y mariscos,80,17.1,1.3,0.0
915,Merluza,pescados y mariscos,104,22.2,1.7,0.0
916,"Merluza, enlatada en agua y acei te",pescados y mariscos,170,23.2,8.6,0.0
917,"Milanesa de pescado, prefrita",pescados y mariscos,248,19.0,9.7,21.1
918,"Pacú, crudo",pescados y mariscos,121,20.7,4.2,0.0
919,Pacú,pescados y mariscos,155,26.5,5.4,0.1
920,"Palometa, cruda",pescados y mariscos,215,20.1,14.8,0.4
921,Palometa,pescados y mariscos,277,25.8,19.0,0.9
922,"Pejerrey, crudo",pescados y mariscos,86,18.6,1.2,0.2
923,Pejerrey,pescados y mariscos,110,23.8,1.5,0.3
924,"Pescados de mar (ej: brótola, corvina blanca, gatuso, lenguado, merluza, etc.), PROMEDIO, crudo",pescados y mariscos,80,17.1,1.3,0.0
925,"Pescados de río (ej: dorado, pa lometa, surubí, trucha, etc.), PRO MEDIO, crudo",pescados y mariscos,134,20.2,5.9,0.1
926,"Pollo de mar, crudo",pescados y mariscos,100,20.0,2.0,0.4
927,"Pulpo, crudo",pescados y mariscos,78,14.9,1.0,2.2
928,Rabas (restaurant),pescados y mariscos,259,16.1,14.5,15.9
929,"Sábalo, crudo",pescados y mariscos,148,22.7,6.4,0.0
930,"Salmón blanco, crudo",pescados y mariscos,114,21.6,3.0,0.2
931,"Salmón rosado, crudo",pescados y mariscos,122,20.5,4.4,0.0
932,"Sardinas, enlatadas al natural",pescados y mariscos,170,22.1,9.1,0.0
933,"Sardinas, enlatadas en aceite",pescados y mariscos,202,24.6,11.5,0.0
934,"Surubí, crudo",pescados y mariscos,110,18.2,4.0,0.2
935,"Trucha, cruda",pescados y mariscos,113,20.5,3.5,0.0
